"Nombre en pantalla","Costo promedio","Valor total","Cantidad a la mano","Cantidad disponible para uso","Unidad","Código de barras","Referencia interna","Precio de venta","Precio de venta","Categoría del producto"
"[BEYOND-14DAY-28CAPS] 14 Day cleanse - 28 cápsulas","258.0","516.0","2.0","2.0","Unidades","850062475052","BEYOND-14DAY-28CAPS","360.0","360.0",""
"[BEYOND-AJONEGR-60CAPS] Ajo negro 630mg 60 Caps","182.0","546.0","3.0","3.0","Unidades","850062475281","BEYOND-AJONEGR-60CAPS","300.0","300.0",""
"[BEYOND-BYEANDR-60CAPS] Bye Andrés | Con Inositol y Maca - 60 Cápsulas","279.0","558.0","2.0","2.0","Unidades","850062475649","BEYOND-BYEANDR-60CAPS","400.0","400.0",""
"[BEYOND-CARMARI-60CAPS] Cardo Mariano - 60 cápsulas","182.0","364.0","2.0","2.0","Unidades","850062475090","BEYOND-CARMARI-60CAPS","310.0","310.0",""
"[BEYOND-CITRMAG-180CAPS] Citrato de magnesio 180 caps","355.0","1420.0","4.0","4.0","Unidades","850026471441","BEYOND-CITRMAG-180CAPS","450.0","450.0",""
"[BEYOND-ISOFLAVO-60CAPS] SOY Isofavlone Concentrate | PREMIUM | Con Arándano 10:1 - 60 Cápsulas","199.0","398.0","2.0","2.0","Unidades","850062475779","BEYOND-ISOFLAVO-60CAPS","300.0","300.0",""
"[BEYOND-MACANEGRA-60CAPS] Maca negra - 60 cápsulas","215.0","215.0","1.0","1.0","Unidades","850026471731","BEYOND-MACANEGRA-60CAPS","320.0","320.0",""
"[BEYOND-MAGCOM4-180CAPS] Magnesio complex con 4 magnesios - 180 cápsulas","334.0","0.0","0.0","0.0","Unidades","850026471465","BEYOND-MAGCOM4-180CAPS","470.0","470.0",""
"[BEYOND-NAD-30CAPS] NAD+ | 30 Cápsulas","402.0","402.0","1.0","1.0","Unidades","850026471540","BEYOND-NAD-30CAPS","700.0","700.0",""
"[BEYOND-RESVE-60CAPS] Resveratrol 60 caps","402.0","804.0","2.0","2.0","Unidades","850026471557","BEYOND-RESVE-60CAPS","350.0","350.0",""
"[BEYOND-TEST70-60CAPS] TES70 60 caps","215.0","430.0","2.0","2.0","Unidades","850026471663","BEYOND-TEST70-60CAPS","370.0","370.0",""
"[BFIT-BAIN-30] Balance Inositol Mezcla 40:1 + Folatos Quatrefolic (30 porciones, Frutos Rojos)","561.8","0.0","0.0","0.0","Unidades","7503036646141","BFIT-BAIN-30","4.0","640.0",""
"[BFIT-BAIN-90] Balance Inositol Mezcla 40:1 + Folatos Quatrefolic (90 porciones, Frutos Rojos)","1161.75","2323.5","2.0","2.0","Unidades","7503050636180","BFIT-BAIN-90","4.0","1553.0",""
"[BFIT-BER-005] Berberina Plus - 60 Cápsulas","396.75","793.5","2.0","2.0","Unidades","7503050636029","BFIT-BER-005","529.0","529.0",""
"[BFIT-ENZ-003] Enzymas Blend (DIGEZYME) - 90 Cápsulas","374.25","748.5","2.0","2.0","Unidades","7503036646967","BFIT-ENZ-003","499.0","499.0",""
"[BFIT-EQU-155] Equilibrium Extracto de Berberina - 120 Cápsulas","561.75","1123.5","2.0","2.0","Unidades","7503036646936","BFIT-EQU-155","712.0","712.0",""
"[BFIT-JUS-006] Just Inositol Caronositol - 60 Porciones","561.75","561.75","1.0","1.0","Unidades","7503036646813","BFIT-JUS-006","749.0","749.0",""
"[BFIT-JUS-007] Just Probio probióticos y prebióticos DuoCap","596.25","1192.5","2.0","2.0","Unidades","","BFIT-JUS-007","795.0","795.0",""
"[BFIT-M-B-004] M-Beauty Multivitamínico Mujer - 60 Cápsulas","336.75","1010.25","3.0","3.0","Unidades","7503050636012","BFIT-M-B-004","449.0","449.0",""
"[BFIT-OMG3-130] Smart Omega 3 (130 capsulas)","524.25","2097.0","4.0","4.0","Unidades","7503036646516","BFIT-OMG3-130","0.0","699.0",""
"[BFIT-OMG3-180] Smart Omega 3 (180 capsulas)","510.3","0.0","0.0","0.0","Unidades","7503036646912","BFIT-OMG3-180","0.0","729.0",""
"[BFIT-OMG3-90] Smart Omega 3 (90 capsulas)","449.25","1347.75","3.0","3.0","Unidades","7503036646127","BFIT-OMG3-90","0.0","599.0",""
"[BFIT-PLU-002] Plus Probio - 11 cepas, 60 billones de probióticos","446.25","892.5","2.0","2.0","Unidades","7503050636302","BFIT-PLU-002","595.0","595.0",""
"[BFIT-RES-001] Resveratrol - 120 Cápsulas","449.25","449.25","1.0","1.0","Unidades","7503050636005","BFIT-RES-001","599.0","599.0",""
"[BLIFE - BERB - 90] Pure Berberine | Berberina Pura (90 capsulas)","231.42","694.26","3.0","3.0","Unidades","","BLIFE - BERB - 90","0.0","399.0","Goods"
"[BLIFE - BERBE - 180] Pure Berberine | Berberina Pura (180 capsulas)","405.42","2027.1","5.0","5.0","Unidades","","BLIFE - BERBE - 180","0.0","699.0","Goods"
"[BLIFE-200-001] 200 Billion Probiotics | 200 Billones de Probióticos","509.32","2037.28","4.0","4.0","Unidades","BJYP72464","BLIFE-200-001","749.0","749.0",""
"[BLIFE-3MA-002] 3 Mag Blend | Mezcla de Citrato, Óxido y Gluconato de Magnesio","244.12","1220.6","5.0","5.0","Unidades","FOBO56630","BLIFE-3MA-002","359.0","359.0","Goods"
"[BLIFE-3MA-003] 3 Mag Platinum | Mezcla de Citrato, Glicinato y L-Treonato de Magnesio","441.32","2647.92","6.0","6.0","Unidades","GTER28249","BLIFE-3MA-003","649.0","649.0","Goods"
"[BLIFE-60B-004] 60 Billion Probiotics | 60 Billones de Probióticos","373.32","0.0","0.0","0.0","Unidades","GNRT57073","BLIFE-60B-004","549.0","549.0","Goods"
"[BLIFE-60B-005] 60 Billion Women Probiotics | 60 Billones de Probióticos para Ella","476.0","952.0","2.0","2.0","Unidades","ZKBC16304","BLIFE-60B-005","700.0","700.0","Goods"
"[BLIFE-80B-006] 80 Billion Probiotics Platinum | 80 Billones de Probióticos Platinum","475.32","1425.96","3.0","3.0","Unidades","WTHI80647","BLIFE-80B-006","699.0","699.0","Goods"
"[BLIFE-9MA-007] 9 Mag Platinum","408.0","1224.0","3.0","3.0","Unidades","ERSM46817","BLIFE-9MA-007","600.0","600.0","Goods"
"[BLIFE-ABL-008] A Blend | Vitamina A","271.32","271.32","1.0","1.0","Unidades","NMVS20841","BLIFE-ABL-008","399.0","399.0","Goods"
"[BLIFE-AKG-009] AKG Blend","237.32","237.32","1.0","1.0","Unidades","ZIZG35826","BLIFE-AKG-009","349.0","349.0","Goods"
"[BLIFE-ALL-010] Ally Blend","306.0","612.0","2.0","2.0","Unidades","DWCK46791","BLIFE-ALL-010","450.0","450.0","Goods"
"[BLIFE-ALL-011] Ally Blend Kids","238.0","476.0","2.0","2.0","Unidades","RNZC47878","BLIFE-ALL-011","350.0","350.0","Goods"
"[BLIFE-ALO-012] Aloe Natural Conditioner","339.32","1017.96","3.0","3.0","Unidades","X003KVCDHP","BLIFE-ALO-012","149.0","149.0","Goods"
"[BLIFE-ALO-013] Aloe Natural Kit (Shampoo & Conditioner)","257.72","0.0","0.0","0.0","Unidades","WGZC70925","BLIFE-ALO-013","249.0","249.0","Goods"
"[BLIFE-ALO-014] Aloe Natural Shampoo","237.32","949.28","4.0","4.0","Unidades","MLGN73342","BLIFE-ALO-014","149.0","149.0","Goods"
"[BLIFE-ALO-015] Aloe Vera Pure Extract","374.0","1122.0","3.0","3.0","Unidades","EIBZ01496","BLIFE-ALO-015","349.0","349.0","Goods"
"[BLIFE-ALP-016] Alpha Lipoic Acid","237.32","474.64","2.0","2.0","Unidades","XHKE71131","BLIFE-ALP-016","499.0","499.0","Goods"
"[BLIFE-APP-017] Apple Cider Vinegar","250.92","501.84","2.0","2.0","Unidades","QYWO90104","BLIFE-APP-017","379.0","379.0","Goods"
"[BLIFE-ASH-018] Ashwagandha Root Powder","237.32","4509.08","19.0","19.0","Unidades","YEBD57382","BLIFE-ASH-018","349.0","349.0","Goods"
"[BLIFE-AST-019] Astaxanthin Blend","374.0","748.0","2.0","2.0","Unidades","JFQN16434","BLIFE-AST-019","550.0","550.0","Goods"
"[BLIFE-BET-024] Beta Alanine | Beta Alanina","339.32","1017.96","3.0","3.0","Unidades","ZIZS76689","BLIFE-BET-024","499.0","499.0","Goods"
"[BLIFE-BPS-021] BPS Blend","237.32","474.64","2.0","2.0","Unidades","YUJC48645","BLIFE-BPS-021","349.0","349.0","Goods"
"[BLIFE-BSS-022] BSS Blend | Mezcla de Melón Amargo, Ácido Alfa Lipoico","250.92","752.76","3.0","3.0","Unidades","HULA03111","BLIFE-BSS-022","369.0","369.0","Goods"
"[BLIFE-BYE-020] B Yeast Blend B Life. Complejo B con Levadura de Cerveza","237.32","474.64","2.0","2.0","Unidades","EVFY58506","BLIFE-BYE-020","349.0","349.0","Goods"
"[BLIFE-CAF-027] Caffeine Blend Mezcla con Cafeína, Matcha y Hongo Melena de León","238.0","238.0","1.0","1.0","Unidades","ZOHW46076","BLIFE-CAF-027","350.0","350.0","Goods"
"[BLIFE-CAL-028] Calcium & D3 | Calcio & Vitamina D3 ","237.32","949.28","4.0","4.0","Unidades","APFU59234","BLIFE-CAL-028","349.0","349.0","Goods"
"[BLIFE-CAL-029] Caltrato & D3 | Citrato de Calcio y Vitamina D3","237.32","711.96","3.0","3.0","Unidades","QNRT73621","BLIFE-CAL-029","349.0","349.0","Goods"
"[BLIFE-CAR-030] Carnitine Blend | Fórmula a base de Carnitina","305.32","1221.28","4.0","4.0","Unidades","DFRI78275","BLIFE-CAR-030","449.0","449.0","Goods"
"[BLIFE-CBL-025] C Blend Formulación con Vitamina C y Jengibre","237.32","1423.92","6.0","6.0","Unidades","IKSI56816","BLIFE-CBL-025","349.0","349.0","Goods"
"[BLIFE-CHL-031] Chloride Mag | Cloruro de Magnesio con 500 mg por Cápsula","203.32","203.32","1.0","1.0","Unidades","EMJF60273","BLIFE-CHL-031","299.0","299.0","Goods"
"[BLIFE-CIT-033] Citrate Mag | Fórmula en Polvo con Magnesio y Colágeno Hidrolizado","441.32","441.32","1.0","1.0","Unidades","MHPT06347","BLIFE-CIT-033","649.0","649.0","Goods"
"[BLIFE-CITMAG-120] Citrate Mag | Formulación con Citrato de Magnesio, Vitamina C y Colágeno (120 capsulas)","0.0","0.0","7.0","7.0","Unidades","IFDT42900","BLIFE-CITMAG-120","0.0","239.0","Goods"
"[BLIFE-CITMAG-240] Citrate Mag | Formulación con Citrato de Magnesio, Vitamina C y Colágeno (240 capsulas)","128.52","2441.88","19.0","19.0","Unidades","794356062712","BLIFE-CITMAG-240","0.0","400.0","Goods"
"[BLIFE-CITMAG-500] Citrate Mag | Formulación con Citrato de Magnesio, Vitamina C y Colágeno (500 capsulas)","0.0","0.0","3.0","3.0","Unidades","TIDW65544","BLIFE-CITMAG-500","0.0","649.0","Goods"
"[BLIFE-CLA-034] Clarity Platinum | Mezcla Avanzada con Hongo Melena de León y Café Verde","373.32","1119.96","3.0","3.0","Unidades","CRMT82382","BLIFE-CLA-034","549.0","549.0","Goods"
"[BLIFE-CLI-026] C Liposomal B Life. Mezcla de Vitamina C con Escaramujo","306.0","1530.0","5.0","5.0","Unidades","NEIC16959","BLIFE-CLI-026","449.0","449.0","Goods"
"[BLIFE-COC-036] Coconut Oil D3+K2 | Aceite de Coco, Vitamina D3 y K2","271.32","0.0","0.0","0.0","Unidades","713152996809","BLIFE-COC-036","399.0","399.0","Goods"
"[BLIFE-COL-037] Collagen Bio | Mezcla con Colágeno Hidrolizado, Biotina y Vitaminas","237.32","237.32","1.0","1.0","Unidades","GVRX59674","BLIFE-COL-037","349.0","349.0","Goods"
"[BLIFE-COL-040] Colostrum | Calostro Bovino en Cápsulas","374.0","748.0","2.0","2.0","Unidades","ZTHM72602","BLIFE-COL-040","550.0","550.0","Goods"
"[BLIFE-COQ-035] CO Q-10 Blend | Combinación Avanzada de Coenzima Q10","339.32","1357.28","4.0","4.0","Unidades","VKTA66280","BLIFE-COQ-035","499.0","499.0","Goods"
"[BLIFE-CRA-041] Cranberry Blend | Mezcla de Arándano con Vitamina C 5 ","237.32","711.96","3.0","3.0","Unidades","HKBX39455","BLIFE-CRA-041","349.0","349.0","Goods"
"[BLIFE-CREATINA-120] Creatine Monohydrate Powder | Creatina Monohidratada en Polvo (120 tomas)","0.0","0.0","2.0","2.0","Unidades","GZWJ75427","BLIFE-CREATINA-120","0.0","599.0","Goods"
"[BLIFE-CREATINA-60] Creatine Monohydrate Powder | Creatina Monohidratada en Polvo (60 tomas)","0.0","0.0","2.0","2.0","Unidades","850065168975","BLIFE-CREATINA-60","0.0","399.0","Goods"
"[BLIFE-D3|-043] D3 | Vitamina D3","272.0","1360.0","5.0","5.0","Unidades","QJKM59172","BLIFE-D3|-043","399.0","399.0","Goods"
"[BLIFE-DAY-044] Day Cream | Crema Facial de Día con Ácido Hialurónico 90 ml","135.32","270.64","2.0","2.0","Unidades","ZBAZ71165","BLIFE-DAY-044","199.0","199.0","Goods"
"[BLIFE-DAY-045] Day Serum | Serum de Día 60 ml","781.32","781.32","1.0","1.0","Unidades","XROD08881","BLIFE-DAY-045","249.0","249.0","Goods"
"[BLIFE-DEA-046] Dead Sea Mud Mask | Mascarilla de Barro del Mar Muerto 350 g","135.32","0.0","0.0","0.0","Unidades","X003KV7QJF","BLIFE-DEA-046","199.0","199.0","Goods"
"[BLIFE-DEF-047] Defenc Kids Gotas | Mezcla Especial con Vitaminas y Minerales","203.32","406.64","2.0","2.0","Unidades","ZNFW59795","BLIFE-DEF-047","299.0","299.0","Goods"
"[BLIFE-DIM-BLEND] DIM Blend | Fórmula con DIM, Vitamina C y Brócoli","272.0","544.0","2.0","2.0","Unidades","WKWE47734","BLIFE-DIM-BLEND","379.0","379.0",""
"[BLIFE-DOW-048] Down Blend | Fórmula a base de CLA, Vinagre de Manzana, Carnitina y Otros","305.32","915.96","3.0","3.0","Unidades","YLWA78281","BLIFE-DOW-048","449.0","449.0","Goods"
"[BLIFE-DTO-049] Dtox Blend | Detox a base de Malva, Psyllium Husk y Diente de León","237.32","1186.6","5.0","5.0","Unidades","X0035GDC6V","BLIFE-DTO-049","349.0","349.0","Goods"
"[BLIFE-ECH-050] Echinacea Garlic | Equinácea y Ajo Negro","237.32","949.28","4.0","4.0","Unidades","KMCE56514","BLIFE-ECH-050","349.0","349.0","Goods"
"[BLIFE-ENZ-052] Enzym Blend B Life. Mezcla de Enzimas Digestivas y Extractos Naturales","339.32","678.64","2.0","2.0","Unidades","MDGF56726","BLIFE-ENZ-052","499.0","499.0","Goods"
"[BLIFE-EVE-053] Evening Primrose | Formulación con Aceite de Prímula","298.52","1194.08","4.0","4.0","Unidades","RNWF71154","BLIFE-EVE-053","499.0","499.0","Goods"
"[BLIFE-EYE-054] Eye Cream | Crema de Ojos con Ácido Hialurónico","135.32","135.32","1.0","1.0","Unidades","VWRG72365","BLIFE-EYE-054","199.0","199.0","Goods"
"[BLIFE-EYE-055] Eye Serum 30 ml","169.32","507.96","3.0","3.0","Unidades","BLZT07760","BLIFE-EYE-055","249.0","249.0","Goods"
"[BLIFE-FAC-056] Face Tonic | Tónico Facial 500 ml","162.52","487.56","3.0","3.0","Unidades","DEYX96530","BLIFE-FAC-056","239.0","239.0","Goods"
"[BLIFE-FEN-057] Fenugreek | Fórmula de Fenogreco con Minerales","339.32","1017.96","3.0","3.0","Unidades","JRXP59965","BLIFE-FEN-057","369.0","369.0","Goods"
"[BLIFE-FER-058] Ferty Blend | Combinación con Extractos Botánicos, Vitaminas y Minerales","271.32","813.96","3.0","3.0","Unidades","ZIKZ35963","BLIFE-FER-058","399.0","399.0","Goods"
"[BLIFE-FIR-059] Fire Blend | Mezcla con Extractos Naturales y Zinc","251.6","503.2","2.0","2.0","Unidades","ZRST39267","BLIFE-FIR-059","370.0","370.0","Goods"
"[BLIFE-FOL-060] Folic Acid Blend | Ácido Fólico","237.32","474.64","2.0","2.0","Unidades","QEJM39591","BLIFE-FOL-060","349.0","349.0","Goods"
"[BLIFE-GAS-061] Gas Relief | Fórmula con Carbón Activado y Enzimas","237.32","237.32","1.0","1.0","Unidades","UKLL70925","BLIFE-GAS-061","349.0","349.0","Goods"
"[BLIFE-GIN-062] Ginseng Blend | Formulación con Ginseng Siberiano, Americano y Coreano","267.32","1069.28","4.0","4.0","Unidades","GHCF90906","BLIFE-GIN-062","379.0","379.0","Goods"
"[BLIFE-GLICI-240] Glycinate Mag | Formulación con Glicinato de Magnesio (240 capsulas)","0.0","0.0","3.0","3.0","Unidades","ZWBX56393","BLIFE-GLICI-240","0.0","439.0","Goods"
"[BLIFE-GLICI-400] Glycinate Mag | Formulación con Glicinato de Magnesio (400 capsulas)","441.32","1323.96","3.0","3.0","Unidades","NKWC62905","BLIFE-GLICI-400","0.0","649.0","Goods"
"[BLIFE-GLU-063] Glutathione Blend | Glutatión","339.32","678.64","2.0","2.0","Unidades","PIIX66019","BLIFE-GLU-063","499.0","499.0","Goods"
"[BLIFE-GRE-065] Green Coffee | Formulación con Extracto de Café Verde.","238.0","238.0","1.0","1.0","Unidades","DRDO56719","BLIFE-GRE-065","349.0","349.0","Goods"
"[BLIFE-GRE-066] Greens Blend | Formulación con Extractos Botánicos y Algas","237.32","474.64","2.0","2.0","Unidades","X002K4HR0L","BLIFE-GRE-066","349.0","349.0","Goods"
"[BLIFE-HAW-067] Hawthorn Root | Raíz de Tejocote","237.32","474.64","2.0","1.0","Unidades","MSPZ62404","BLIFE-HAW-067","349.0","349.0","Goods"
"[BLIFE-ICE-068] Icelandic Krill Oil | Aceite de Krill con EPA, DHA","339.32","1696.6","5.0","5.0","Unidades","UGHC56514","BLIFE-ICE-068","499.0","499.0","Goods"
"[BLIFE-IMM-069] Immun Blend | Multivitamínico de Vitamina C + Jengibre","271.32","271.32","1.0","1.0","Unidades","NWXF60481","BLIFE-IMM-069","399.0","399.0","Goods"
"[BLIFE-INO-070] Inositol Blend Platinum | Mezcla de Myo Inositol, Colina, Ácido Metilfolato y Otros.","408.0","816.0","2.0","2.0","Unidades","QXEO37491","BLIFE-INO-070","600.0","600.0","Goods"
"[BLIFE-IRO-071] Iron Blend | Hierro","237.32","474.64","2.0","2.0","Unidades","LSAS39907","BLIFE-IRO-071","349.0","349.0","Goods"
"[BLIFE-JOINBLEND-100] Joint Blend | Formulación con Glucosamina, Condroitina y MSM (100 capsulas)","0.0","0.0","2.0","2.0","Unidades","RUBV51249","BLIFE-JOINBLEND-100","0.0","299.0","Goods"
"[BLIFE-JOINBLEND-200] Joint Blend | Formulación con Glucosamina, Condroitina y MSM (200 capsulas)","0.0","0.0","3.0","3.0","Unidades","BGHU56258","BLIFE-JOINBLEND-200","0.0","449.0","Goods"
"[BLIFE-KID-073] Kids Probiotics | Probióticos para Niños","204.0","204.0","1.0","1.0","Unidades","RPFI17712","BLIFE-KID-073","300.0","300.0","Goods"
"[BLIFE-KIT-074] Kit Bug Free & Itch Free Balm | Kit de Bálsamo Anti-picaduras y Bálsamo Post-picaduras de Insectos 2 piezas 113 g c/u","114.92","459.68","4.0","4.0","Unidades","X003Q5YEWH","BLIFE-KIT-074","169.0","169.0","Goods"
"[BLIFE-KIT-075] Kit Day & Night Serum | Kit de Sérums de Día y Noche 60 ml c/u","267.72","1874.04","7.0","7.0","Unidades","ZBMX95394","BLIFE-KIT-075","379.0","379.0","Goods"
"[BLIFE-LEV-068] Levadura de Cerveza B12+ | Mezcla con Vitamina del Complejo B","441.32","882.64","2.0","2.0","Unidades","","BLIFE-LEV-068","349.0","349.0","Goods"
"[BLIFE-LIO-076] Lions Mane Blend | Hongo de Melena de León","237.32","711.96","3.0","3.0","Unidades","VZBG99685","BLIFE-LIO-076","349.0","349.0","Goods"
"[BLIFE-LUN-077] Lungs Blend | Fórmula con NAC, Cordyceps y Equinácea","237.32","711.96","3.0","3.0","Unidades","IYZC67122","BLIFE-LUN-077","349.0","349.0","Goods"
"[BLIFE-MACA-100] Maca Blend | Presentación con Tres Variedades de Maca (100 capsulas)","137.97","137.97","1.0","1.0","Unidades","DVTN51525","BLIFE-MACA-100","0.0","219.0","Goods"
"[BLIFE-MACA-200] Maca Blend | Presentación con Tres Variedades de Maca (200 capsulas)","237.32","1186.6","5.0","5.0","Unidades","KMGQ59603","BLIFE-MACA-200","0.0","349.0","Goods"
"[BLIFE-MAG-080] Mag Kids | Formulación Líquida con Magnesio y Vitaminas","238.0","238.0","1.0","1.0","Unidades","X0046JAZ11","BLIFE-MAG-080","350.0","350.0","Goods"
"[BLIFE-MAG-081] Mag+Pot Citrate | Citrato Magnesio, Citrato de Potasio y Coco orgánico","238.0","1428.0","6.0","6.0","Unidades","ZRST48031","BLIFE-MAG-081","379.0","379.0","Goods"
"[BLIFE-MAR-082] Marine Mag | Magnesio Marino","237.0","237.0","1.0","1.0","Unidades","PNJG59965","BLIFE-MAR-082","349.0","349.0","Goods"
"[BLIFE-MEN-083] Mens Blend | Multivitamínico para Hombre","237.32","949.28","4.0","4.0","Unidades","RLQH60452","BLIFE-MEN-083","349.0","349.0","Goods"
"[BLIFE-MEN-084] Mens HR | Multivitamínico para Él ","267.72","535.44","2.0","2.0","Unidades","MMZF56956","BLIFE-MEN-084","379.0","379.0","Goods"
"[BLIFE-MEN-085] Mens Mult Matur3 | Fórmula con Vitaminas, Minerales para Hombre","241.85","725.56","3.0","3.0","Unidades","LAKR66850","BLIFE-MEN-085","379.0","379.0","Goods"
"[BLIFE-MEN-086] Mens T | Fórmula Especial para Hombres","257.72","1546.32","6.0","6.0","Unidades","CAPS40502","BLIFE-MEN-086","379.0","379.0","Goods"
"[BLIFE-MEN-087] Mens T Platinum | Precursor para Hombre Platinum ","339.32","1017.96","3.0","3.0","Unidades","VWZK51436","BLIFE-MEN-087","499.0","499.0","Goods"
"[BLIFE-MET-088] Methyl Folate Blend | Mezcla a base de Metilfolato, Vitamina C, Vitamina B6 y B12.","272.32","544.64","2.0","2.0","Unidades","QHUV15989","BLIFE-MET-088","400.0","400.0","Goods"
"[BLIFE-MLK-089] Mlk Thistle Blend | Cardo Mariano con Diente de León y Extractos Naturales","271.32","1356.6","5.0","5.0","Unidades","YCIS60013","BLIFE-MLK-089","399.0","399.0","Goods"
"[BLIFE-MON-090] Monk Fruit  Fruta del Monje 100% Natural 500 g","305.32","1221.28","4.0","4.0","Unidades","X0042NVTIT","BLIFE-MON-090","449.0","449.0","Goods"
"[BLIFE-MUS-091] Mushroom Blend | Formulación con Extractos de Hongos","237.32","237.32","1.0","1.0","Unidades","FZUN49852","BLIFE-MUS-091","349.0","349.0","Goods"
"[BLIFE-MYO-092] Myo Inositol | Formulación con Inositol, Biotina y Colágeno","264.52","1587.12","6.0","6.0","Unidades","SNLG56145","BLIFE-MYO-092","389.0","389.0","Goods"
"[BLIFE-MYOINOCAPS-240] Myo y D-Chiro Inositol Platinum Mezcla  Capsulas de Ratio 40:1 (240 capsulas)","0.0","0.0","9.0","9.0","Unidades","SEMB70788","BLIFE-MYOINOCAPS-240","0.0","499.0","Goods"
"[BLIFE-MYOINOCAPS-400] Myo y D-Chiro Inositol Platinum Mezcla  Capsulas de Ratio 40:1 (400 capsulas)","577.32","2309.28","4.0","4.0","Unidades","JFIV62161","BLIFE-MYOINOCAPS-400","0.0","849.0","Goods"
"[BLIFE-MYOPOLVO-120-TOMAS] MYO y D-Chiro Inositol Platinum Polvo de Ratio 40:1 (120 tomas)","0.0","0.0","2.0","2.0","Unidades","THFG45340","BLIFE-MYOPOLVO-120-TOMAS","0.0","1149.0","Goods"
"[BLIFE-MYOPOLVO-60-TOMAS] MYO y D-Chiro Inositol Platinum Polvo de Ratio 40:1 (60 tomas)","475.32","1901.28","4.0","4.0","Unidades","WDWD11711","BLIFE-MYOPOLVO-60-TOMAS","0.0","699.0","Goods"
"[BLIFE-N-A-094] N-Acetyl Cysteine | N-Acetilcisteína","373.32","1866.6","5.0","5.0","Unidades","DGHU61818","BLIFE-N-A-094","549.0","549.0","Goods"
"[BLIFE-N.M-095] N.M.N Blend | Mezcla de Citrato de Magnesio y Trans Resveratrol","476.0","2380.0","5.0","5.0","Unidades","UWWH16819","BLIFE-N.M-095","700.0","700.0","Goods"
"[BLIFE-NAD-096] NADH Blend | NADH, Colágeno Hidrolizado y Vitamina C","475.32","1425.96","3.0","3.0","Unidades","BLZT94099","BLIFE-NAD-096","699.0","699.0","Goods"
"[BLIFE-NAT-097] Natural Castor Oil | Aceite de Ricino Natural","135.32","405.96","3.0","3.0","Unidades","X003KV8ZQX","BLIFE-NAT-097","199.0","199.0","Goods"
"[BLIFE-NAT-098] Natural Sensual Lubricant | Lubricante Íntimo Natural a Base de Agua 860 ml","271.32","271.32","1.0","1.0","Unidades","WVOJ73083","BLIFE-NAT-098","399.0","399.0","Goods"
"[BLIFE-NIG-100] Night Blend | Mezcla de Gaba, Reishi y Otros","271.32","813.96","3.0","3.0","Unidades","X0030D4OTD","BLIFE-NIG-100","399.0","399.0","Goods"
"[BLIFE-NIG-101] Night Serum | Sérum de Noche 60 ml","169.32","507.96","3.0","3.0","Unidades","AZTB08604","BLIFE-NIG-101","249.0","249.0","Goods"
"[BLIFE-OMB-102] OM Blend | Fórmula a base de Camomila, L Tirosina y Gaba","271.32","271.32","1.0","1.0","Unidades","TXPA93160","BLIFE-OMB-102","399.0","399.0","Goods"
"[BLIFE-OME-103] Omega 3 Fish Oil | Omega 3 Aceite de Pescado","257.72","257.72","1.0","1.0","Unidades","BAGD73134","BLIFE-OME-103","379.0","379.0","Goods"
"[BLIFE-OME-104] Omega 3 Flaxseed-oil | Omega 3 Aceite de Linaza","101.32","101.32","1.0","1.0","Unidades","IDXO97730","BLIFE-OME-104","349.0","349.0","Goods"
"[BLIFE-OME-107] Omega 3-6-9","305.32","1221.28","4.0","4.0","Unidades","UWLM00024","BLIFE-OME-107","449.0","449.0","Goods"
"[BLIFE-OMGSAL-180] Omega 3 Salmon Oil | Omega 3 Aceite Puro de Salmón (180 capsulas)","391.32","4304.52","11.0","11.0","Unidades","VZBG60531","BLIFE-OMGSAL-180","0.0","430.0","Goods"
"[BLIFE-OMGSAL-360] Omega 3 Salmon Oil | Omega 3 Aceite Puro de Salmón (360 capsulas)","543.32","2716.6","5.0","5.0","Unidades","ERSM63726","BLIFE-OMGSAL-360","0.0","799.0","Goods"
"[BLIFE-OMGSAL-90] Omega 3 Salmon Oil | Omega 3 Aceite Puro de Salmón (90 capsulas)","169.32","1185.24","7.0","7.0","Unidades","NUCH43456","BLIFE-OMGSAL-90","0.0","249.0","Goods"
"[BLIFE-ORG-108] Organic Apple Vinegar Platinum | Vinagre de Manzana Orgánico Platinum","291.32","582.64","2.0","2.0","Unidades","WJKN05664","BLIFE-ORG-108","429.0","429.0","Goods"
"[BLIFE-ORG-109] Organic Ashwagandha 180 caps","276.57","2212.56","8.0","8.0","Unidades","850065168814","BLIFE-ORG-109","439.0","439.0","Goods"
"[BLIFE-ORG-110] Organic Lions Mane","135.32","270.64","2.0","2.0","Unidades","","BLIFE-ORG-110","400.0","400.0","Goods"
"[BLIFE-ORG-111] Organic Matcha en Polvo | Matcha Orgánica","94.52","94.52","1.0","1.0","Unidades","UHFV56742","BLIFE-ORG-111","499.0","499.0","Goods"
"[BLIFE-ORG-112] Organic Spirulina | Espirulina Orgánica con Pimienta Negra","237.32","949.28","4.0","4.0","Unidades","X002N48O2D","BLIFE-ORG-112","349.0","349.0","Goods"
"[BLIFE-ORGANO-300] Aceite de Orégano con Carvacrol y Vitamina C | 300 mg por porción","251.37","1005.48","4.0","4.0","Unidades","X004DT4V5Z","BLIFE-ORGANO-300","399.0","399.0",""
"[BLIFE-PAS-113] Pastillero Estandar","17.4","87.0","5.0","5.0","Unidades","JJSZ96008","BLIFE-PAS-113","129.0","129.0","Goods"
"[BLIFE-PAS-114] Pastillero Premium","0.0","0.0","6.0","6.0","Unidades","QNRT08670","BLIFE-PAS-114","179.0","179.0","Goods"
"[BLIFE-PASTA-4U] Natural Tooth Paste Kit | Kit Pasta Dental Natural Sin Flúor (4 unidades)","203.32","203.32","1.0","1.0","Unidades","ZHYF70695","BLIFE-PASTA-4U","0.0","230.0","Goods"
"[BLIFE-PASTA-6U] Natural Tooth Paste Kit | Kit Pasta Dental Natural Sin Flúor (6 unidades)","203.0","0.0","0.0","0.0","Unidades","CTKP71739","BLIFE-PASTA-6U","0.0","300.0","Goods"
"[BLIFE-POT-115] Potassium Citrate | Cápsulas con Citrato de Potasio","237.32","1186.6","5.0","5.0","Unidades","VXRI60434","BLIFE-POT-115","349.0","349.0","Goods"
"[BLIFE-PRE-116] Pre Nat Blend | Fórmula para Maternidad ","219.32","0.0","0.0","0.0","Unidades","TBBX02366","BLIFE-PRE-116","349.0","349.0","Goods"
"[BLIFE-PRO-117] Pros Blend | Fórmula para Él","237.32","474.64","2.0","2.0","Unidades","ZJWE56598","BLIFE-PRO-117","349.0","349.0","Goods"
"[BLIFE-PRO-118] Pros Platinum B Life. Fórmula con Extractos Vegetales, Vitaminas y Minerales ","305.32","915.96","3.0","3.0","Unidades","ULDH39035","BLIFE-PRO-118","449.0","449.0","Goods"
"[BLIFE-PSY-119] Psyllium Husk Fiber | Fibra de Cáscara de Psyllium 2000 mg","237.32","474.64","2.0","2.0","Unidades","WYWE60963","BLIFE-PSY-119","349.0","349.0","Goods"
"[BLIFE-PUR-120] Pure Arginine | Formulación con L-Arginina","271.32","271.32","1.0","1.0","Unidades","DJRW77646","BLIFE-PUR-120","399.0","399.0","Goods"
"[BLIFE-PUR-121] Pure Artichoke | Cápsulas con Extracto de Alcachofa","135.32","135.32","1.0","1.0","Unidades","BUIO39570","BLIFE-PUR-121","349.0","349.0","Goods"
"[BLIFE-PUR-123] Pure Curcumin | Curcumina Estandarizada al 95%","339.32","1017.96","3.0","3.0","Unidades","EYOR71219","BLIFE-PUR-123","499.0","499.0","Goods"
"[BLIFE-PUR-124] Pure Gaba | Formulación con GABA para tu Bienestar","339.32","678.64","2.0","2.0","Unidades","TXXP79198","BLIFE-PUR-124","349.0","349.0","Goods"
"[BLIFE-PUR-125] Pure Glutamine | Glutamina Pura","373.32","1119.96","3.0","3.0","Unidades","WWAK76586","BLIFE-PUR-125","549.0","549.0","Goods"
"[BLIFE-PUR-126] Pure Lysine | Lisina Pura","239.32","478.64","2.0","2.0","Unidades","YVUF46704","BLIFE-PUR-126","350.0","350.0","Goods"
"[BLIFE-PUR-127] Pure Shatavari | Fórmula Especial de Shatavari","251.6","1006.4","4.0","4.0","Unidades","OGMS16772","BLIFE-PUR-127","370.0","370.0","Goods"
"[BLIFE-PUR-128] Pure Shilajit | Extracto de Shilajit en polvo","476.32","952.64","2.0","2.0","Unidades","DITS16729","BLIFE-PUR-128","700.0","700.0","Goods"
"[BLIFE-PUR-129] Pure Tryp-tophan | Formulación con Aminoácido Esencial","271.32","542.64","2.0","2.0","Unidades","","BLIFE-PUR-129","399.0","399.0","Goods"
"[BLIFE-QUE-130] Quercetin Blend | Quercetina con Vitamina C, Jengibre y Zinc","339.32","339.32","1.0","1.0","Unidades","GTQX74245","BLIFE-QUE-130","499.0","499.0","Goods"
"[BLIFE-REI-131] Reishi Blend | Hongo Reishi","237.32","237.32","1.0","1.0","Unidades","FKGJ60410","BLIFE-REI-131","349.0","349.0","Goods"
"[BLIFE-RESV-180] Resveratrol (180 capsulas)","305.32","3663.84","12.0","12.0","Unidades","BBCP58179","BLIFE-RESV-180","0.0","449.0","Goods"
"[BLIFE-RESV-400] Resveratrol (400 capsulas)","0.0","0.0","3.0","3.0","Unidades","PQCL63113","BLIFE-RESV-400","0.0","699.0","Goods"
"[BLIFE-RESV-90] Resveratrol (90 capsulas)","0.0","0.0","5.0","5.0","Unidades","EJXK41865","BLIFE-RESV-90","0.0","279.0","Goods"
"[BLIFE-SCR-134] Scrub | Exfoliante Facial 120 ml","543.32","2716.6","5.0","5.0","Unidades","TBBX95167","BLIFE-SCR-134","129.0","129.0","Goods"
"[BLIFE-SEL-135] Selenm Blend | Mezcla de Selenioy Vitamina E","237.32","237.32","1.0","1.0","Unidades","TACW48989","BLIFE-SEL-135","349.0","349.0","Goods"
"[BLIFE-SKN-133] SKN Blend | Cuidado de la Piel","237.32","711.96","3.0","3.0","Unidades","YBRT49712","BLIFE-SKN-133","349.0","349.0","Goods"
"[BLIFE-SOY-136] Soy Lecithin | Lecitina de Soya","305.32","610.64","2.0","2.0","Unidades","DEUM62381","BLIFE-SOY-136","399.0","399.0","Goods"
"[BLIFE-SUN-137] Sunflower Lecithin | Lecitina de Girasol ","271.32","542.64","2.0","2.0","Unidades","GYFX61388","BLIFE-SUN-137","399.0","399.0","Goods"
"[BLIFE-THR-139] Threonate Mag | L-Treonato de Magnesio","441.32","882.64","2.0","2.0","Unidades","GFQS27757","BLIFE-THR-139","649.0","649.0","Goods"
"[BLIFE-THY-140] Thyr Blend | Fórmula a base de L-Tirosina, Yodo y Vitamina B12","237.32","237.32","1.0","1.0","Unidades","OMQP58478","BLIFE-THY-140","349.0","349.0","Goods"
"[BLIFE-TON-141] Tong-Kat Ali | Concentración Superior ","272.32","0.0","0.0","0.0","Unidades","GGSW17102","BLIFE-TON-141","400.0","400.0","Goods"
"[BLIFE-TRI-142] Tribulus Terrestris","237.32","711.96","3.0","3.0","Unidades","TGKI81391","BLIFE-TRI-142","349.0","349.0","Goods"
"[BLIFE-TUR-143] Turmeric + Ginger | Mezcla con Extractos Botánicos y Aceite de Coco","237.32","474.64","2.0","2.0","Unidades","FOBO56624","BLIFE-TUR-143","349.0","349.0","Goods"
"[BLIFE-UPB-145] Up Blend | Mezcla con Extractos Naturales y Aceites","305.32","610.64","2.0","2.0","Unidades","XGNL79360","BLIFE-UPB-145","449.0","449.0","Goods"
"[BLIFE-UTO-144] U Tonic | Mezcla con Extractos Naturales y Vitamina C","237.32","474.64","2.0","2.0","Unidades","TQEB49187","BLIFE-UTO-144","349.0","349.0","Goods"
"[BLIFE-VEN-146] Venflow Blend | Fórmula con Jengibre, Resveratrol y Nutrientes Naturales","237.32","1186.6","5.0","5.0","Unidades","HRGK56892","BLIFE-VEN-146","349.0","349.0","Goods"
"[BLIFE-VEN-147] Venflow Platinum | Fórmula potenciada a base de L-Arginina","305.32","1221.28","4.0","4.0","Unidades","MKYV39061","BLIFE-VEN-147","449.0","449.0","Goods"
"[BLIFE-VIT-148] Vitamina E & Biotina | Con Aceite de Cártamo","237.32","1186.6","5.0","5.0","Unidades","EDHV94994","BLIFE-VIT-148","349.0","349.0","Goods"
"[BLIFE-VSI-149] Vsion Blend | Mezcla Óptica","237.32","711.96","3.0","3.0","Unidades","GYIH59378","BLIFE-VSI-149","349.0","349.0","Goods"
"[BLIFE-WOM-150] Womens Blend | Multivitamínico para la Mujer","257.32","1029.28","4.0","4.0","Unidades","MZLX55196","BLIFE-WOM-150","379.0","379.0","Goods"
"[BLIFE-WOM-151] Womens HR | Multivitamínico para Ella","244.12","976.48","4.0","4.0","Unidades","IZPT49028","BLIFE-WOM-151","359.0","359.0","Goods"
"[BLIFE-WOM-152] Womens Mult Matur3 | Multivitamínico para Mujeres +40","257.72","515.44","2.0","2.0","Unidades","SXPQ65281","BLIFE-WOM-152","379.0","379.0","Goods"
"[BLIFE-WOM-153] Womens Zen | Fórmula a base de Maca, Isoflavonas y Ñame Salvaje","237.32","949.28","4.0","4.0","Unidades","JTVE55889","BLIFE-WOM-153","349.0","349.0","Goods"
"[BLIFE-ZBL-154] Z Blend | Zinc","223.72","671.16","3.0","3.0","Unidades","VUZF56301","BLIFE-ZBL-154","329.0","329.0","Goods"
"[CHR-025] Chromium Blend","237.32","237.32","1.0","1.0","Unidades","WKDO39845","CHR-025","349.0","349.0","Goods"
"[COL-032] Col On Blend","237.32","474.64","2.0","2.0","Unidades","ETJE49810","COL-032","349.0","349.0","Goods"
"[DAY-156] Kit Day & Night Cream | Kit de Cremas Faciales de Día y Noche","203.32","609.96","3.0","3.0","Unidades","HCLA71756","DAY-156","299.0","299.0","Goods"
"[NORDIC-OMG-120Caps] Ultimate Omega 120 caps","772.0","772.0","1.0","1.0","Unidades","768990027901","NORDIC-OMG-120Caps","930.0","930.0",""
"[NORDIC-OMG-2x-60Caps] Ultimate Omega 2X 60 caps","772.0","2316.0","3.0","3.0","Unidades","768990021503","NORDIC-OMG-2x-60Caps","930.0","930.0",""
"[NORDIC-OMG-Ext-60Caps] Ultimate Omega Extra 60 CAPS","510.0","0.0","0.0","0.0","Unidades","768990017995","NORDIC-OMG-Ext-60Caps","700.0","700.0",""
"[NORDIC-OMG-Kids-30Caps] Omega 3 kids suplement","154.0","1078.0","7.0","7.0","Unidades","768990018176","NORDIC-OMG-Kids-30Caps","300.0","300.0",""
"Aloe Natural Conditioner | Acondicionador Natural de Aloe","0.0","0.0","3.0","3.0","Unidades","X003KVCFHD","","150.0","150.0",""
"Balance Inositol Mezcla 40:1 + Folatos Quatrefolic (30 porciones, Limon)","561.8","0.0","0.0","0.0","Unidades","","","4.0","640.0",""
"Balance Inositol Mezcla 40:1 + Folatos Quatrefolic (90 porciones, Limon)","1161.75","0.0","0.0","0.0","Unidades","","","4.0","1553.0",""
"Beef Liver Grassfed B Life. Hígado Vacuno 700 mg","260.0","780.0","3.0","3.0","Unidades","","","429.0","429.0",""
"Botella Térmica Para Niños | Dinosaurio 532 ml","0.0","0.0","2.0","2.0","Unidades","","","360.0","360.0",""
"Botellas Gym - Electro Blend","0.0","0.0","11.0","11.0","Unidades","","","70.0","70.0",""
"Citrato de Magnesio Puro | 1600 mg por Porción | 60 Cápsulas","0.0","0.0","9.0","9.0","Unidades","","","230.0","230.0",""
"Clear Blend","305.0","610.0","2.0","1.0","Unidades","FSNB56567","","449.0","449.0",""
"Collagen Blend I, II, III, V, X | Mezcla con Colágenos y Nutrientes (180 capsulas)","271.32","1627.92","6.0","6.0","Unidades","FEHF68278","","0.0","399.0","Goods"
"Collagen Blend I, II, III, V, X | Mezcla con Colágenos y Nutrientes (400 capsulas)","376.42","1505.68","4.0","4.0","Unidades","","","0.0","649.0","Goods"
"Collagen Blend | Formulación con Colágeno Hidrolizado y Vitaminas (180 capsulas)","0.0","0.0","2.0","2.0","Unidades","IKSI56828","","0.0","349.0","Goods"
"Collagen Blend | Formulación con Colágeno Hidrolizado y Vitaminas (90 capsulas)","0.0","0.0","1.0","1.0","Unidades","NZKJ41714","","0.0","229.0","Goods"
"Essential Oil Cinnamon | Aceite Esencial Canela 50 ml","0.0","0.0","7.0","7.0","Unidades","","","200.0","200.0",""
"Essential Oil Mint | Aceite Esencial Menta 50 y 120 ml","0.0","0.0","3.0","3.0","Unidades","","","200.0","200.0",""
"Essential Oil Tea Tree | Aceite Esencial Árbol de Té 50","0.0","0.0","0.0","0.0","Unidades","","","200.0","200.0",""
"Essential Oil Ylang Ylang | Aceite Esencial Ylang Ylang 50 ml","0.0","0.0","1.0","1.0","Unidades","","","200.0","200.0",""
"Face Wash | Jabón Facial Líquido 250 ml","0.0","0.0","2.0","2.0","Unidades","","","360.0","360.0",""
"Fórmula Pura de Citrato de Potasio | 383 mg Porción | 60 Cápsulas","200.97","401.94","2.0","2.0","Unidades","810197170055","","319.0","319.0",""
"JOINT FORCE | Coyonturas Fuertes - Mascotas","318.42","636.84","2.0","2.0","Unidades","810197170185","","549.0","549.0",""
"Mezcla de 4 tipos de Magnesio | 1400 mg por porción | 60 cápsulas","139.0","417.0","3.0","3.0","Unidades","810197170086","","250.0","250.0",""
"Multivitamínico Perros y Gatos","260.42","520.84","2.0","2.0","Unidades","810197170222","","449.0","449.0",""
"NAD Fórmula Avanzada | Con Berberina y Pimienta Negra | 50 Cápsulas","0.0","0.0","1.0","1.0","Unidades","810197170093","","619.0","619.0",""
"Natural Body Cream | Crema Corporal Hidratante 1 L","0.0","0.0","2.0","2.0","Unidades","RNZC53246","","200.0","200.0",""
"Omega 3 Platinum (180 capsulas)","0.0","0.0","5.0","5.0","Unidades","DGVH02456","","0.0","699.0","Goods"
"Omega 3 Platinum (90 capsulas)","271.32","2170.56","8.0","8.0","Unidades","QWRW74849","","0.0","399.0","Goods"
"Omega para Perros y Gatos | con Omega 3, 6 y 9 | EPA y DHA | 500 ml | Sabor pescado","255.0","510.0","2.0","2.0","Unidades","810197170239","","440.0","440.0",""
"Prebióticos para Perros y Gatos","260.42","520.84","2.0","2.0","Unidades","810197170192","","449.0","449.0",""
"Relax & Calm | Relajacion y Calma - Mascotas","251.37","502.74","2.0","2.0","Unidades","810197170208","","400.0","400.0",""
"Skin Support | Ayuda para la piel de tu mascota","260.42","520.84","2.0","2.0","Unidades","810197170215","","449.0","449.0",""
"Strong growth | Crecimiento Fuerte - Mascotas","231.42","462.84","2.0","2.0","Unidades","810197170178","","400.0","400.0",""
"Strong growth | Crecimiento Fuerte - Mascotas (copia)","0.0","0.0","0.0","0.0","Unidades","","","400.0","400.0",""
"T Boost","0.0","0.0","4.0","4.0","Unidades","810197170109","","220.0","220.0",""
